sample_name	barcode	run	bmi	description	experimental_group	height	responder	sex	time_point	week	weight
10532.08fb8b2c.2152.4c58.b04c.ce6e1502b9c4	TATACCGCTGCG	1	20.2	15.SW006	autism	50	Responder	male	6	8	72
10532.0a75af43.917b.4ba4.bd50.0607a68a587b	AGTGTTTCGGAC	1	20.2	15.ST001	autism	50	Responder	male	1	0	72
10532.0bb5e24a.aa34.48e7.b1f9.e761ac2dc6b4	CTATCTCCTGTC	1	14.8	1.SW007	autism	55	Responder	male	7	10	63
10532.0c3cf073.b655.4073.ac7f.bcff02f48e23	AATTGTGTCGGA	1	20.2	15.SW009	autism	50	Responder	male	9	14	72
10532.0ed823be.aab6.40bc.810e.18b3ee3e572b	GTACGATATGAC	1	27.4	17.SW001	autism	61	Responder	female	1	0	145
10532.101c02ce.4f8d.4394.83a3.0c406831d934	ATGATGAGCCTC	1	14.1	3.SW010	autism	50	Non-responder	female	10	16	50
10532.103e4419.d712.46e0.95db.3b7bdab449a7	AGTTACGAGCTA	1	20.2	15.SW002	autism	50	Responder	male	2	2	72
10532.104e5902.1c3e.417f.bb22.124bfca61a61	ACCATAGCTCCG	1	14.8	1.SW005	autism	55	Responder	male	5	6	63
10532.11c4be47.fdce.4135.8acf.0894f2da5ede	GCGATATATCGC	1	35.2	5.SW001	autism	70	Responder	male	1	0	242
10532.11c70d46.e0a4.4797.ad7b.3677fe93d73b	TGCAGTCCTCGA	1	35.2	5.SW003	autism	70	Responder	male	3	3	242
10532.11f3f37a.3698.4031.8183.75f6f2c6c04c	GCAATTAGGTAC	1	14.8	1.ST004	autism	55	Responder	male	4	18	63
10532.124dc1db.9029.41c6.afff.b73a692e19b1	GCTTGAGCTTGA	1	14.1	3.ST004	autism	50	Non-responder	female	4	18	50
10532.15129220.6eda.44ad.9511.be0f6e027f5d	TCGACATCTCTT	1	24.3	9.SW006	autism	57	Responder	male	6	8	113
10532.15d8ed7d.7d90.4fee.9874.a30e5a6e2ec8	TAGTATGCGCAA	1	18.5	11.SW005	autism	68	Non-responder	male	5	6	120
10532.17f96e8a.dc68.4aef.98db.8aaaab702e33	GGCCAGTTCCTA	1	15.4	7.SW003	autism	51	Responder	male	3	3	56
10532.180f9254.809c.4c9d.b741.e87498d4c2c9	GTCGACAGAGGA	1	15.8	13.SW001	autism	49	Responder	male	1	0	54
10532.183645ce.cacd.4744.8440.de4eb377dfea	GTAGATCGTGTA	1	24.3	9.SW007	autism	57	Responder	male	7	10	113
10532.1ed80b53.bd2a.49e4.ad5b.0f4ec6228e81	GTGTTGTCGTGC	1	18.5	11.SW003	autism	68	Non-responder	male	3	3	120
10532.1fe57dd4.58b3.4fde.b8a1.f73db5614909	TGCATACACTGG	1	14.1	3.SW001	autism	50	Non-responder	female	1	0	50
10532.20aa4aaf.8242.48d9.a225.e9f6b3e8938c	ACGAGACTGATT	1	15.4	7.SW002	autism	51	Responder	male	2	2	56
10532.212f0ce6.9123.4e38.abf3.db944de7f1c1	ACTTCCAACTTC	1	35.2	5.SW010	autism	70	Responder	male	10	16	242
10532.2150ea11.62a6.494e.9c83.3583cce1fb94	CAAACAACAGCT	1	18.5	11.SW008	autism	68	Non-responder	male	8	12	120
10532.21a4ec1a.bcae.4e10.be82.66328d2dad4f	CTGCTATTCCTC	1	14.8	1.SW011	autism	55	Responder	male	11	18	63
10532.23796d38.9519.4a3a.9149.55190285af7b	TAATACGGATCG	1	15.8	13.SW004	autism	49	Responder	male	4	4	54
10532.2756472a.03f4.41da.8564.1d7538f949c6	AGTAGCGGAAGA	1		BBT2014.00036	donor-initial				donor		
10532.2a1b28ba.f47e.44b6.bfd7.d3e41e762db3	TAACGTGTGTGC	1	35.2	5.SW009	autism	70	Responder	male	9	14	242
10532.2ce1e761.4f19.4236.a6a5.49ac820af545	TTAAGACAGTCG	1		MD2014.00003	donor maintenance				maintenance_donor		
10532.30a32428.cc90.4c19.b56c.ca0e827639d7	GATTCCGGCTCA	1	17	19.SW008	autism	49	Responder	male	8	12	58
10532.32057335.5712.47e0.8307.e3f2f42b677d	TACGAGCCCTAA	1	17	19.SW009	autism	49	Responder	male	9	14	58
10532.35a8aef7.4bb0.4cab.bc0e.3576bb706571	GAACACTTTGGA	1	14.1	3.SW008	autism	50	Non-responder	female	8	12	50
10532.36b313f7.8a44.4bdc.8034.82260a83d7b9	TGGTCAACGATA	1	15.4	7.SW007	autism	51	Responder	male	7	10	56
10532.37f1087f.ae31.4fde.b96b.4b6c1d61351e	ATTCTGCCGAAG	1	24.3	9.SW008	autism	57	Responder	male	8	12	113
10532.38b26517.9a99.4774.bb19.9cf6ea8d8f06	TTGGGTACACGT	1	18.5	11.SW001	autism	68	Non-responder	male	1	0	120
10532.3f8829c2.d735.4d56.98cd.cfbf6cbf2744	CACCTTACCTTA	1		43.ST001	neurotypical				1	0	
10532.40112074.09e5.42b1.b332.17c9b89686e5	GTAAATTCAGGC	1	24.3	9.ST003	autism	57	Responder	male	3	10	113
10532.4019255d.d4a7.4178.98c6.aaed75378852	CATTCGTGGCGT	1		1.ST001.TEST	control				test		
10532.44bf8cf8.5259.48a2.986b.ce26356a1995	AAGGCGCTCCTT	1	27.4	17.SW002	autism	61	Responder	female	2	2	145
10532.44ef59fb.3279.46dc.a113.c762aa889eb5	GAGCCATCTGTA	1	14.8	1.SW010	autism	55	Responder	male	10	16	63
10532.4685baaf.fef4.4c2a.89ba.5f43d6e46354	TAGTAGCACCTG	1	17	19.SW010	autism	49	Responder	male	10	16	58
10532.4a06dba1.77c7.4197.942f.0c8da8b1ab8c	ACGATTCGAGTC	1	27.4	17.ST001	autism	61	Responder	female	1	0	145
10532.4b9ad407.fc2f.4463.bccc.0cf3a28d05f6	AGTCGTGCACAT	1	24.3	9.SW004	autism	57	Responder	male	4	4	113
10532.4f5ef0fe.4365.4675.94d2.dd9144222614	TGCGCTGAATGT	1	18.5	11.SW007	control	68	Non-responder	male	repeat		120
10532.50f400f5.8e55.420b.9a63.4623a5900017	CACTACGCTAGA	1	15.4	7.SW001	control	51	Responder	male	1	0	56
10532.532c15bb.f44d.454b.b308.7b2a889b1949	ATGCCATGCCGT	1		47.ST001	neurotypical				1	0	
10532.53a10dbe.f8cf.4e5c.9164.13e3e4187029	GCATATGCACTG	1	18.5	11.SW004	autism	68	Non-responder	male	4	4	120
10532.558a13e5.f4a8.47bc.a63e.47d6dffe528b	GCCTAGCCCAAT	1	15.4	7.ST003	autism	51	Responder	male	3	10	56
10532.55b26af1.31a6.4606.8b99.bf415a009311	AGCATGTCCCGT	1	15.4	7.SW010	autism	51	Responder	male	10	16	56
10532.563e291f.d5b9.4d2f.afdf.ef2d7456eb62	CAGAAATGTGTC	1	17.4	21.ST001	autism	55	Responder	male	1	0	75
10532.568030a5.4888.49d7.9b73.aa36e2a2010f	GTATTTCGGACG	1		57.ST001	neurotypical				1	0	
10532.595e93ed.e4b3.42b5.91b1.1ad4f31e7134	GTGCAACCAATC	1	14.8	1.ST001	autism	55	Responder	male	1	0	63
10532.59d06f37.995b.40a5.91a8.c825d1a7ca6f	GTTATCGCATGG	1	14.1	3.ST002	autism	50	Non-responder	female	2	3	50
10532.5d6c8197.eeb5.43a6.aa26.8cb87f5cf622	TCGGAATTAGAC	1	15.8	13.SW006	autism	49	Responder	male	6	8	54
10532.5ebb0e88.cb56.4604.a7fd.6a66092dcda7	ATCAGTACTAGG	1		79.ST001	neurotypical				1	0	
10532.60345a80.4df2.4a0b.b7af.e2370c607aec	CTCACAACCGTG	1	14.8	1.SW009	autism	55	Responder	male	9	14	63
10532.61c3930c.61c4.4c82.8475.7a10ccaeb71c	ACCAGTGACTCA	1	15.4	7.SW004	autism	51	Responder	male	4	4	56
10532.62b14bee.ba07.4ec5.93bf.c96452f606b5	GTAGAGGTAGAG	1	16.8	33.ST001	autism	53	Responder	male	1	0	67
10532.633bc9a7.b25f.475a.9bd3.858212b39d7d	CGAGCAATCCTA	1	14.1	3.SW003	autism	50	Non-responder	female	3	3	50
10532.6519888d.bb69.495b.b4b8.07d0d4333455	TACCGCTTCTTC	1		BBT2014.00029	donor-initial				donor		
10532.65ba3877.ad29.4afc.aaec.bcf3544f5f75	GATGTTCGCTAG	1	14.1	3.SW005	autism	50	Non-responder	female	5	6	50
10532.683047f6.fe17.477f.9950.a6190ca34054	CATACCGTGAGT	1	35.2	5.ST002	autism	70	Responder	male	2	3	242
10532.6cf760eb.b260.4e70.9509.cccd05dfacb0	TGTCGCAAATAG	1	17	19.SW002	autism	49	Responder	male	2	2	58
10532.6dec9fe4.0f34.440a.879d.b5ca33e796af	ACCGGTATGTAC	1	17	19.SW007	autism	49	Responder	male	7	10	58
10532.6e1c0019.205f.4d31.bc90.2e949a2da40c	CCAATACGCCTG	1	15.8	13.SW002	autism	49	Responder	male	2	2	54
10532.6ecca0ea.049c.41ec.b324.404e504d44c0	TCTCTACCACTC	1	15.4	7.SW008	autism	51	Responder	male	8	12	56
10532.72a8ae87.94ea.41e3.b43c.b5337f6a0548	AGGCTTACGTGT	1	14.1	3.SW007	autism	50	Non-responder	female	7	10	50
10532.77da3cc8.c0a0.4848.8dd4.d07d8e05735b	CGGGTGTTTGCT	1		75.ST001	neurotypical				1	0	
10532.78ff0b74.3d7e.4ed5.8c2d.a5f77b793718	TTAGAGCCATGC	1		BBT2014.00038	donor-initial				donor		
10532.7c47fcf2.5787.42a5.87e2.836d5dfafa89	GATCTGCGATCC	1	27.4	17.SW003	autism	61	Responder	female	3	3	145
10532.7c66ff62.02e7.458d.a55d.8d07d15a9315	ATCACCAGGTGT	1	14.8	1.SW006	autism	55	Responder	male	6	8	63
10532.7e1f1b3f.4575.458c.9f42.287d03499e25	TGCAGCAAGATT	1	35.2	5.ST003	autism	70	Responder	male	3	10	242
10532.82a93877.b6c0.47cb.b4e5.990dbef0395c	ATGGCTGTCAGT	1	18.5	11.SW009	autism	68	Non-responder	male	9	14	120
10532.82d7cb16.3ce6.4f64.9e00.3c8ba7b5d89a	TTGGCTCTATTC	1	15.8	13.SW009	autism	49	Responder	male	9	14	54
10532.8533740d.91e4.46e3.b9a7.0ea4a0e9e428	TAATCGGTGCCA	1		53.ST001	neurotypical				1	0	
10532.86144e86.1d92.41e9.b535.d51a453c6eb4	GTGTTAGATGTG	1		81.ST001	neurotypical				1	0	
10532.873473f6.eef2.4718.b5f4.e88757055760	AGAGTCTTGCCA	1	35.2	5.ST004	autism	70	Responder	male	4	18	242
10532.8829897e.3fc1.49d8.b4f4.d241b10a0e5d	TGTGAATTCGGA	1	20.2	15.SW008	autism	50	Responder	male	8	12	72
10532.884e1ddb.8d8b.45cf.8dba.16387520872c	AGATTGACCAAC	1	24.3	9.SW011	autism	57	Responder	male	11	18	113
10532.89506e73.0c5f.43f5.ac8a.8bff26f468dd	GTTACAGTTGGC	1	27.4	17.SW011	autism	61	Responder	female	11	18	145
10532.8a842638.cb92.480d.907c.eae18367b9cd	ACGGGTCATCAT	1		51.ST001	neurotypical				1	0	
10532.8c4ae03d.dd8c.44ec.8336.15e0b031d97f	GTCGTGTAGCCT	1	14.1	3.SW011	autism	50	Non-responder	female	11	18	50
10532.8cbe736d.b553.450d.af3c.d5ad08863390	TCTGCACTGAGC	1	14.1	3.ST003	autism	50	Non-responder	female	3	10	50
10532.8d2746d9.68e2.42e3.acfc.092603ad6ec1	GCACACCTGATA	1		BBT2014.00035	donor-initial				donor		
10532.8d972760.88c4.49f9.8712.a919bb215db5	GACATTGTCACG	1		59.ST001	neurotypical				1	0	
10532.90120dc2.ad2e.4916.a660.633ba4b6a7b8	CGCAGATTAGTA	1	15.4	7.ST001	autism	51	Responder	male	1	0	56
10532.973536e9.32f0.4837.9c9a.91d8ca24ec0e	CGTACTCTCGAG	1		73.ST001	neurotypical				1	0	
10532.98c66ce0.1f4c.422c.86e9.3561ea63b612	ACAACACTCCGA	1	24.3	9.ST002	autism	57	Responder	male	2	3	113
10532.98d36350.175c.439b.a534.27de6e5783ad	TCATGCTCCATT	1	35.2	5.ST001	autism	70	Responder	male	1	0	242
10532.9ad2ea88.f0eb.435c.976d.416ebbfcd1b4	AGCGGAGGTTAG	1	18.5	11.SW002	autism	68	Non-responder	male	2	2	120
10532.9b3e87a6.3041.4d90.be02.332c1b097988	CATCCCTCTACT	1	27.4	17.SW004	autism	61	Responder	female	4	4	145
10532.9e92829f.cd7a.4950.8a1e.40da8411f5c2	TGGAGTAGGTGG	1	27.4	17.SW007	autism	61	Responder	female	7	10	145
10532.a0c64abc.8829.430e.8bf2.8f2674d435ae	GTCCAGCTATGA	1	18.5	11.SW010	autism	68	Non-responder	male	10	16	120
10532.a4fc33a8.d190.4626.80dd.ee1b58cdca73	CACGTACACGTA	1	15.8	13.SW010	autism	49	Responder	male	10	16	54
10532.a5d38774.f798.4401.ae44.d8efbc0e4ef9	TACAGCGCATAC	1	20.2	15.SW005	autism	50	Responder	male	5	6	72
10532.a6108908.5ef9.47ef.8f57.b055bc6ee7aa	CAAATTCGGGAT	1	24.3	9.SW009	autism	57	Responder	male	9	14	113
10532.a9c28d5b.ef74.4397.9c27.94b6f3de5a83	CTCACCTAGGAA	1	20.2	15.SW001	autism	50	Responder	male	1	0	72
10532.ab7ea93a.ebce.4ecf.a56d.01441d5605b3	TCGTGCGTGTTG	1		MD2014.00002	donor maintenance				maintenance_donor		
10532.abf9d6dd.ee85.4848.8d1a.47d8d55bef35	CAACTCCCGTGA	1	18.5	11.SW006	control	68	Non-responder	male	repeat		120
10532.ac7d2af0.9c75.4a32.bb2b.e79380ab8c61	TAGGCATGCTTG	1	15.4	7.SW005	autism	51	Responder	male	5	6	56
10532.b1e40907.45fc.4d81.ad81.c58ed3d91e1f	CGGTCAATTGAC	1	14.8	1.SW002	autism	55	Responder	male	2	2	63
10532.b447da2d.f44f.4ced.ab9e.b560736484fb	CGAGGGAAAGTC	1	14.8	1.SW008	autism	55	Responder	male	8	12	63
10532.b49ad14d.07c8.454d.82ec.c6fb9c7bcc36	CGTAAGATGCCT	1	35.2	5.SW002	autism	70	Responder	male	2	2	242
10532.b612f67e.eea8.4e03.81b7.034dbfc44669	GTATCTGCGCGT	1	15.4	7.SW006	autism	51	Responder	male	6	8	56
10532.b6e1ea70.86f4.401b.8690.8cec59b847b5	TTGCGTTAGCAG	1	15.8	13.SW008	autism	49	Responder	male	8	12	54
10532.b75f1faa.7d0e.4f5c.bbbb.43c9eee3ca80	TACCGAAGGTAT	1	21.5	39.ST001	autism	58	Responder	male	1	0	103
10532.b8c9914c.187b.47d9.97e7.eb96c3cce700	GGTTATTTGGCG	1		49.ST001	neurotypical				1	0	
10532.b986755d.b15a.4ad4.b6a2.0c7cdd9b8ced	TCCTCGAGCGAT	1		BBT2014.00037	donor-initial				donor		
10532.bcd36de2.cdd8.4e3a.898a.906f0fcb565a	CGTGATCCGCTA	1		41.ST001	neurotypical				1	0	
10532.bd488386.2a78.4667.ac0e.034c944e93d1	CAGCTCATCAGC	1	17	19.SW005	autism	49	Responder	male	5	6	58
10532.bd64992d.87cc.464f.9e1b.9c0156ed65d8	TGTGCGATAACA	1	14.8	1.ST002	autism	55	Responder	male	2	3	63
10532.bdd134b0.9128.4500.b05b.c91ad1d192be	TATCGACACAAG	1	17	19.SW006	autism	49	Responder	male	6	8	58
10532.c18a0367.8148.4450.bf5a.507b6fe30c73	GTTGTTCTGGGA	1	24.3	9.SW005	autism	57	Responder	male	5	6	113
10532.c1a66804.c565.448a.8371.0c8e386f4969	CGCTGTGGATTA	1	15.4	7.ST002	autism	51	Responder	male	2	3	56
10532.c20b61fb.2ca8.426c.b2d0.43b36b7dbe31	TGGCAAATCTAG	1	26.5	35.ST001	autism	70	Responder	male	1	0	185
10532.c3def350.038b.4470.aec7.41834dda4a9f	TATCTATCCTGC	1		67.ST001	neurotypical				1	0	
10532.c61b44a5.ae92.4202.9d0c.b4507197e456	TGAACCCTATGG	1	14.1	3.ST001	autism	50	Non-responder	female	1	0	50
10532.c784e063.e586.43cb.a602.9f2e2ae420d1	AGTCGAACGAGG	1	14.8	1.SW003	autism	55	Responder	male	3	3	63
10532.c8b831af.2e3c.4aaa.83cf.b66c3016e0f3	GCTGTACGGATT	1	35.2	5.SW004	autism	70	Responder	male	4	4	242
10532.cfdd76c9.1144.4fb0.87b9.5ea2bda80698	CGTGCTTAGGCT	1	16.6	31.ST001	autism	54	Responder	male	1	0	70
10532.d0296110.6ff1.4959.96d7.74074c23fcdd	CTGATCCATCTT	1	18.8	37.ST001	autism	56	Responder	male	1	0	84
10532.d3470555.52b8.4482.8c60.42940884e396	GCAACACCATCC	1	27.4	17.SW009	autism	61	Responder	female	9	14	145
10532.d6223d2e.0d62.4658.8eec.ccc9d4ee86a3	CATTATGGCGTG	1	35.2	5.SW011	autism	70	Responder	male	11	18	242
10532.d623471b.5a0c.4291.a780.2ae6532752a9	AGCTGTCAAGCT	1	15.4	7.ST004	autism	51	Responder	male	4	18	56
10532.d72e5ca8.37f5.4358.8cc1.6710355d9cab	CACAAAGCGATT	1	15.8	13.SW011	autism	49	Responder	male	11	18	54
10532.d7c251b8.15e9.4266.bcd8.6e6c6a453c11	GCGTTCTAGCTG	1	14.1	3.SW004	autism	50	Non-responder	female	4	4	50
10532.df4b001a.f4cd.4b71.8ebe.a68b8df2cb80	ATCGCACAGTAA	1	14.1	3.SW009	autism	50	Non-responder	female	9	14	50
10532.dfc347e3.eed7.4592.95eb.374724230326	GTGGAGTCTCAT	1	24.3	9.SW003	autism	57	Responder	male	3	3	113
10532.e2b39ff4.cdad.4cf0.b946.7dedac7c4a98	AGCAGAACATCT	1	15.8	13.SW005	autism	49	Responder	male	5	6	54
10532.e34a1a0c.49ae.4299.a714.c7e11abc701a	ATGTCACCGCTG	1	17	19.SW001	autism	49	Responder	male	1	0	58
10532.e4485061.924a.4f09.9d7e.bfefc780d1a8	ACTCACAGGAAT	1	35.2	5.SW008	autism	70	Responder	male	8	12	242
10532.e5574c01.3027.458d.8f96.d68b66aae40b	TACTACGTGGCC	1	24.3	9.SW001	autism	57	Responder	male	1	0	113
10532.e59470a5.392a.4306.a282.42a458b11e41	CCACAGATCGAT	1	17	19.SW004	autism	49	Responder	male	4	4	58
10532.e6dcb4be.68c0.473f.a9cb.412345eeb749	GGTGACTAGTTC	1	14.1	3.SW002	autism	50	Non-responder	female	2	2	50
10532.e7a2370c.f80c.4703.b2ee.10c65967e05f	GCGACAATTACA	1	14.8	1.ST003	autism	55	Responder	male	3	10	63
10532.e94edb86.8fe0.42b8.a255.c48d4551405b	GAATACCAAGTC	1	35.2	5.SW006	autism	70	Responder	male	6	8	242
10532.e9e2e4d7.8a4d.4e5d.bb37.75c9466cc3a5	ACTTGGTGTAAG	1		55.ST001	neurotypical				1	0	
10532.ea89c98c.42eb.484a.aed3.33711e20a6fe	TGGGTCCCACAT	1	24.3	9.ST004	autism	57	Responder	male	4	18	113
10532.eb598d02.406f.4ac6.93bd.1d3b8d5682ac	GAGAGCAACAGA	1	18.5	11.ST001	autism	68	Non-responder	male	1	0	120
10532.eba26737.17cc.4d2f.a936.3a7d97c26902	ATCTACCGAAGC	1		45.ST001	neurotypical				1	0	
10532.ebba7773.6d1e.478a.a202.9e3aee7a71e5	GCCAACAACCAT	1		71.ST001	neurotypical				1	0	
10532.ec91140e.0862.4ece.bb4a.d114f4c42bdb	GCTCGAAGATTC	1	35.2	5.SW005	autism	70	Responder	male	5	6	242
10532.ee2234a8.ac03.43de.8f3d.211a8ba34f8b	TCACCTCCTTGT	1		77.ST001	neurotypical				1	0	
10532.f79f9c0a.5967.44cd.b977.d7ae1469f89d	GTGGTGGTTTCC	1	15.8	13.SW003	autism	49	Responder	male	3	3	54
10532.fa2e9bcc.cc53.4b83.ad1e.a308375854f5	TCCCTTGTCTCC	1	14.8	1.SW001	autism	55	Responder	male	1	0	63
10532.fa588c8f.129c.4d87.99a5.29048befe11b	TACTCGGGAACT	1	17	19.ST001	autism	49	Responder	male	1	0	58
10532.fae97eb5.3264.4211.8ea3.823f547a6f0c	AACTAGTTCAGG	1	35.2	5.SW007	autism	70	Responder	male	7	10	242
10532.fb1c3cf6.9b51.46e8.8a75.4eb599c810d4	AGTTGAGGCATT	1	27.4	17.SW008	autism	61	Responder	female	8	12	145
10532.fdd61056.c3a4.4533.bd6f.2f29a4ebf279	ACACGCGGTTTA	1	17.9	23.ST001	autism	53	Responder	male	1	0	70
10532.fe826a14.1ed8.4d19.b14d.2233b960e1bc	AGCAACATTGCA	1	24.3	9.ST001	autism	57	Responder	male	1	0	113
10532.ff88e40f.2c8c.4670.bbdd.ffd35a259b3b	GGTTCGGTCCAT	1	19.3	27.ST001	autism	65	Responder	male	1	0	116
10532.00954e18.1dcf.40fc.a52e.255f5cda6f9c	TAGTATGCGCAA	2		41.SW007	neurotypical				7	12	
10532.0476f5aa.a4f4.4835.ada1.4e72fb601e0a	GATCTGCGATCC	2		45.SW005	neurotypical				5	8	
10532.049a1207.554b.43e8.9548.1b0fb0f8cd2b	ACGACTGCATAA	2		67.SW004	neurotypical				4	6	
10532.04ea008a.d444.4833.988c.a2a3f5d4ad23	TCTCTACCACTC	2		47.ST002	neurotypical				2	18	
10532.06104fa3.3f90.4a7a.944c.511c32501925	AGTAGCGGAAGA	2		79.SW001	neurotypical				1	0	
10532.08ea0c6b.7a30.4074.bbf6.557480fc5285	GTGGTGGTTTCC	2		41.SW004	neurotypical				4	6	
10532.097aca46.4d88.4858.9076.a82c0ce1d29b	CGTAAGATGCCT	2	27.4	17.ST004	autism	61	Responder	female	4	18	145
10532.0c792e0e.c9e4.4789.a129.9263c4d80ab5	AGTTGTAGTCCG	2		67.SW005	neurotypical				5	8	
10532.0dc46d75.4646.4d47.ab42.cc127481ec0e	TCCCTTGTCTCC	2	15.8	13.ST002	control	49	Responder	male	repeat		54
10532.0eb12bd1.4548.4004.8dcd.1a71de8b1df5	TTGATCCGGTAG	2		59.SW007	neurotypical				7	12	
10532.1037164d.a836.4ebe.bf98.92294a0b60ab	TTGGGTACACGT	2		43.SW001	neurotypical				1	0	
10532.10d8aff9.6fa1.4788.ac34.075f71d7e3c6	TTGCCAAGAGTC	2	17.4	repetition	control	55	Responder	male	repeat		75
10532.1179fc32.1721.4500.9ebb.2711571cec96	AGCTGTCAAGCT	2		57.SW003	neurotypical				3	4	
10532.11d9c298.6eab.4b6b.9665.1dba120f03b2	TACTACGTGGCC	2	20.2	15.ST003	autism	50	Responder	male	3	10	72
10532.1230c3fd.efa4.4ad9.8f01.499141965b11	TAATACGGATCG	2		41.SW006	neurotypical				6	10	
10532.14c94c5e.aaf2.414f.a72f.74ccc134b294	CGGATCTAGTGT	2	14.1	repetition	control	50	Non-responder	female	repeat		50
10532.1527a35e.aff8.4404.a7b5.93297cc857bb	GTCACGGACATT	2		77.SW004	neurotypical				4	6	
10532.1654ccec.557a.40f3.b4d9.b263f9e2ad4e	GTGCAACCAATC	2		47.SW002	neurotypical				2	2	
10532.1709339c.5162.4847.bab8.d492c164537a	TGGTCAACGATA	2	21.5	39.ST003	autism	58	Responder	male	3	10	103
10532.18b7bc36.8427.431c.a28c.9a4d0b19f83d	CTATCTCCTGTC	2	18.8	37.ST002	autism	56	Responder	male	2	3	84
10532.18f853f2.0e63.400e.baac.cad966c6c0a0	TACAGCGCATAC	2		45.SW007	neurotypical				7	12	
10532.1a3cebf2.a600.4fdd.901f.739e27cb4a6c	GTAAATTCAGGC	2		71.SW003	neurotypical				3	4	
10532.1a809fb5.eac0.4b28.bdf5.e731c86aefbd	GATTCCGGCTCA	2		49.SW001	neurotypical				1	0	
10532.1b1720db.15b5.479e.9641.ecf97ed72ca4	CTGATCCATCTT	2		57.SW005	neurotypical				5	8	
10532.1c4ca381.9cc3.4313.a11e.df350bb73ec9	ACGCGAACTAAT	2		47.SW005	neurotypical				5	8	
10532.1d3c1d57.9c6a.40a4.a6a3.b0cc321e354f	TGGCAAATCTAG	2		65.SW005	neurotypical				5	8	
10532.1fe19636.3708.4a87.8e5a.cf10d8530d4e	ACTCACAGGAAT	2		45.ST002	neurotypical				2	18	
10532.215cb690.74cc.469d.b692.681e0cf530e5	GTTATCGCATGG	2		67.SW002	neurotypical				2	2	
10532.2204f8a2.6d8f.4096.9407.077cad04f686	CGATGCTGTTGA	2		81.SW003	control				repeat		
10532.230994e3.5682.432f.b4e4.454ca1901e0f	GTGTTGTCGTGC	2		45.SW004	neurotypical				4	6	
10532.28028688.f349.49ed.a093.c24ab3e69eff	AGCAACATTGCA	2		65.SW003	neurotypical				3	4	
10532.28e84479.bd9f.4d55.bb03.1411b71bdc9b	CAGCTCATCAGC	2		41.SW008	neurotypical				8	14	
10532.2adb40fd.6824.44f2.b71f.dc73c9f82b16	GGTTATTTGGCG	2		59.SW006	neurotypical				6	10	
10532.2cfcc030.33e9.4f0d.ad96.414079bbee74	CGTCCGTATGAA	2		positive_control	control				positive_control		
10532.2dfedd8c.5fcf.445f.88b5.9b2ec7e96aec	ATCACCAGGTGT	2	16.8	33.ST004	autism	53	Responder	male	4	18	67
10532.2f79545d.8a5d.4fc5.a0ac.5da133096ee3	ACCCAAGCGTTA	2		59.SW002	neurotypical				2	2	
10532.30bb9d5a.9305.4bd8.b193.2b0bff0f3e42	GATGTTCGCTAG	2	16.6	31.ST002	autism	54	Responder	male	2	3	70
10532.33823320.f971.44d2.b8d4.97aa953ed8c6	CATACCGTGAGT	2		81.SW002	neurotypical				2	2	
10532.35a3fb02.a90d.4977.b69e.7fe338ad120d	CGGTCAATTGAC	2	20.2	15.ST004	autism	50	Responder	male	4	18	72
10532.36ab5525.4f00.4559.a4b0.5f08454440bb	TATCTATCCTGC	2		71.SW007	neurotypical				7	12	
10532.38231131.c50c.4db7.835f.5efdf8a95057	GTTGTTCTGGGA	2	16.8	33.ST003	control	53	Responder	male	repeat		67
10532.38cc97e0.b049.40ad.9115.572a0f1fa54b	GGCCAGTTCCTA	2	17.4	21.ST003	autism	55	Responder	male	3	10	75
10532.3a7587ba.1767.4f82.8a29.fb87623459a0	TAACGTGTGTGC	2		67.ST002	neurotypical				2	18	
10532.3aef91f5.b123.4c88.b8f3.527c7b062691	ACTTGGTGTAAG	2		73.SW007	neurotypical				7	12	
10532.3b2b88b4.90b1.44d2.a015.e80e723e996f	CCACAGATCGAT	2		45.SW006	neurotypical				6	10	
10532.3b443a43.f0cd.4c13.b7ba.256065073f88	GTTCTCTTCTCG	2		71.SW001	neurotypical				1	0	
10532.3cce5506.b222.46b9.8ef3.3f15ddfc8554	TGAACCCTATGG	2		65.SW002	neurotypical				2	2	
10532.3f86a9aa.e576.4a0e.b946.069435b47735	GTTAAGCTGACC	2		73.SW006	neurotypical				6	10	
10532.40a120a1.f11e.4bb9.a831.4c7a165eb48e	CGTGATCCGCTA	2		75.SW005	neurotypical				5	8	
10532.4438f148.fff6.4be1.9837.b8cd5c473d5a	TCGTCAAACCCG	2		81.SW005	neurotypical				5	8	
10532.446c844e.eb73.4ce2.8057.7203b7d8290f	TAATCGGTGCCA	2		71.SW006	neurotypical				6	10	
10532.46d62998.b580.4434.859c.b82a71ba8b13	ACACGCGGTTTA	2		71.SW004	neurotypical				4	6	
10532.47851ff0.b155.4d9e.8d14.37671f756a98	CGTGCTTAGGCT	2		79.SW004	neurotypical				4	6	
10532.4985e68e.e764.43e4.ba6d.c9135cb59802	GGTGACTAGTTC	2	27.4	17.ST003	autism	61	Responder	female	3	10	145
10532.4aff6dc8.d08b.43ce.ae37.7c99c5841e5c	TCTGCACTGAGC	2		73.SW002	neurotypical				2	2	
10532.4ef235d7.1c66.456b.bf58.c69c6a71d97b	CGTAATTGCCGC	2		65.SW001	neurotypical				1	0	
10532.4f2698fd.665f.4ed1.be97.ffc1529e21b0	CATCCCTCTACT	2		43.SW006	neurotypical				6	10	
10532.50fedde6.6336.4d10.ae45.64645f1dc452	ACTCCTTGTGTT	2		51.SW004	neurotypical				4	6	
10532.51fa2739.c9f3.4f97.8142.793a058cca9c	CAGAAATGTGTC	2		65.SW004	neurotypical				4	6	
10532.5423daa2.53d4.464a.985d.214b4724f340	GCCTAGCCCAAT	2		51.SW003	neurotypical				3	4	
10532.55f3cf16.37df.408f.aec2.cdcec8be9a06	CAAACAACAGCT	2	19.3	27.SW001	autism	65	Responder	male	1	0	116
10532.55f8d345.8251.43a1.ab05.c9418f6fefd7	GCATATGCACTG	2		43.SW005	neurotypical				5	8	
10532.5802a92b.5471.435b.bca9.b03e1cef9a14	AGATTGACCAAC	2		41.SW001	neurotypical				1	0	
10532.58963b05.b9fe.4a36.98e7.f3497c390919	AGGCTTACGTGT	2	18.8	37.ST003	autism	56	Responder	male	3	10	84
10532.593b1c57.09b3.43f2.97b1.7051761e13c9	CGAGGGAAAGTC	2		41.ST002	neurotypical				2	18	
10532.5a8541e7.b0a2.48c0.8fa1.4cba3f011111	TGTCGCAAATAG	2		43.SW004	neurotypical				4	6	
10532.5c7870bf.66e4.4024.861e.a586fe550a17	TGCAGTCCTCGA	2	17.4	21.ST002	autism	55	Responder	male	2	3	75
10532.5e6d005d.2705.4981.804e.8b218288605f	GCCAACAACCAT	2		73.SW008	control				repeat		
10532.5f291738.ae0e.4805.a842.cd2bb5b50f26	TATCGACACAAG	2		45.SW009	neurotypical				9	16	
10532.609c89d3.6145.4af8.af53.92591d65b765	AGCTATGTATGG	2		77.SW005	neurotypical				5	8	
10532.60f2a3c7.0071.438e.9615.db72ab157a65	ATTCTGCCGAAG	2		57.ST002	neurotypical				2	18	
10532.62deb178.a741.4def.afbf.e0a77659194d	GGATCGTAATAC	2		81.SW006	neurotypical				6	10	
10532.63200094.189d.4880.beaf.0a041635cab7	AGCGGAGGTTAG	2		41.SW003	control				3	4	
10532.632924ab.bf85.4b8b.b603.f338294a0d9d	TTCTCTCGACAT	2		59.SW004	neurotypical				4	6	
10532.65fcbe4f.1f77.4216.95c1.9991e5f2499a	ACGAGACTGATT	2	17	19.ST002	autism	49	Responder	male	2	3	58
10532.6618c914.037e.4c9b.b2c4.18d98a529b85	GCTTGAGCTTGA	2		75.SW002	neurotypical				2	2	
10532.66c64e22.7b83.4740.bf41.aa1553f24091	GCGATATATCGC	2	15.8	13.ST004	autism	49	Responder	male	4	18	54
10532.67c048b1.3037.4c73.9380.32c657119b7b	CGCTGTGGATTA	2		49.SW003	neurotypical				3	4	
10532.69d85346.ed6d.49d0.93cf.fcb494bddb83	TTAACCTTCCTG	2		67.SW006	neurotypical				6	10	
10532.6c502824.4abe.42cb.8408.5871938a9b8b	CCGCGATTTCGA	2		positive_control	control				positive_control		
10532.6e911df2.b54d.44a2.8fb8.1b6c1b9c3362	GCTGTACGGATT	2	17.9	23.ST004	autism	53	Responder	male	4	18	70
10532.702e5557.ca8d.420d.a802.11257794814d	AACTAGTTCAGG	2	18.8	37.ST004	autism	56	Responder	male	4	18	84
10532.709ae56e.5c79.4e56.b054.5bb1522e6a48	AGTCGTGCACAT	2	19.3	27.ST003	autism	65	Responder	male	3	10	116
10532.72c5d05e.1244.452a.89dc.a1a47acc2483	GAGCCATCTGTA	2		73.ST002	neurotypical				2	18	
10532.752f32b0.f570.4ccc.9028.fc536a323b98	ACGATTCGAGTC	2		49.SW004	neurotypical				4	6	
10532.75e9a7e3.f4ae.4643.9d94.d45401ce47eb	CGGGTGTTTGCT	2	15.8	repetition	control	49	Responder	male	repeat		54
10532.76295cb2.371f.4a12.824e.7f7209740b44	GAATACCAAGTC	2	26.5	35.ST002	autism	70	Responder	male	2	3	185
10532.77fc3945.be1b.497d.8d77.a15554f078f2	GTCGTGTAGCCT	2		75.ST002	neurotypical				2	18	
10532.78140709.84c3.437f.a130.795e7391da34	GATGTATGTGGT	2		73.SW004	neurotypical				4	6	
10532.7af6e763.ab6a.49e9.ac6d.5da1c74c54bd	CCAATACGCCTG	2		43.SW003	neurotypical				3	4	
10532.7bb97977.f259.42e4.96c0.defb321a35f6	ACCATAGCTCCG	2	19.3	27.ST004	autism	65	Responder	male	4	18	116
10532.7c6a5ce6.5bc1.41f8.b082.9d812dcb87d3	CATTCGTGGCGT	2		61.SW001	neurotypical				1	0	
10532.7d75b189.d50c.42f3.837c.5c10af4e87ba	TGTGCGATAACA	2		49.SW002	neurotypical				2	2	
10532.7dde8baf.6642.4796.8a04.d9b398a674b2	ACTTCCAACTTC	2		79.ST002	neurotypical				2	18	
10532.7f07b1a5.8b6f.4f33.af95.b41bf6bad858	GTATCTGCGCGT	2	26.5	35.ST003	autism	70	Responder	male	3	10	185
10532.806de48e.590a.41d2.8e3a.56b4e5f63dc5	CGCTACAACTCG	2		repetition	control				repeat		
10532.8109a7fc.1e1e.4006.ae0b.93def8de40c3	GCATAGCATCAA	2		75.SW007	neurotypical				7	12	
10532.81a16ca3.6299.40f0.ae7b.fe2dd2ac4243	TGCGCTGAATGT	2		43.SW010	neurotypical				10	18	
10532.832ba500.7ff2.4c91.ac33.76a3aca26460	CTCACCTAGGAA	2		41.SW002	neurotypical				2	2	
10532.84120710.dd14.4def.90b4.c34cbcedd38e	CGCAGATTAGTA	2		47.SW003	neurotypical				3	4	
10532.86fa2207.97bf.4dda.bfc2.25e1db76807e	CGAGCAATCCTA	2	17	19.ST004	autism	49	Responder	male	4	18	58
10532.89d77704.b4a7.497d.be45.7d0612828999	GTCGACAGAGGA	2		45.SW001	neurotypical				1	0	
10532.8d596033.bccb.44dc.aa21.946a4e4c5b1a	GGTTCGGTCCAT	2		75.SW004	neurotypical				4	6	
10532.8d9faaed.d3f1.4d05.9f4f.38b916fb5bb8	AACGTAGGCTCT	2		73.SW005	neurotypical				5	8	
10532.91023f5b.9d29.404a.a1d8.211f4942b9f7	TCGTGCGTGTTG	2		73.SW001	neurotypical				1	0	
10532.932158d8.e379.4cc8.8a38.b3755c70cff9	AGAGTCTTGCCA	2		71.SW002	neurotypical				2	2	
10532.97e0e94b.e50b.402f.9d18.8277c8d81d9a	TCATGCTCCATT	2		79.SW002	neurotypical				2	2	
10532.99b59c4d.8f92.4b4f.a1e8.feac7a698f02	ATCGCACAGTAA	2		65.ST002	neurotypical				2	18	
10532.9bcd5895.a696.438c.a053.d29869a6ff8e	ACCGGTATGTAC	2	27.4	17.SW001	control	61	Responder	female	repeat		145
10532.9e0e46c9.56fb.486e.953e.6feb8b2593a9	TGTGAATTCGGA	2	26.5	35.SW011	autism	70	Responder	male	11	18	185
10532.9e5630dc.0ab1.4e85.a4e8.24774a6bf46e	GTAGATCGTGTA	2	21.5	39.ST004	autism	58	Responder	male	4	18	103
10532.9e6231cc.081f.4a34.8c8e.87b7d19bc1a7	TTAGAGCCATGC	2		81.SW001	neurotypical				1	0	
10532.9fa049be.9576.476d.9c8b.bedd0afaa86e	ACGGGTCATCAT	2		65.SW006	neurotypical				6	10	
10532.9fd07251.eccf.4636.a7e8.e8d33c67b49d	GACATTGTCACG	2		79.SW006	neurotypical				6	10	
10532.a1f61e5d.8dae.45c2.8de6.4303a428d157	CATTATGGCGTG	2		81.ST002	neurotypical				2	18	
10532.a2c34b14.f857.4bd0.8109.ce29f161c2f2	CGTACTCTCGAG	2		77.SW007	neurotypical				7	12	
10532.a49ccc5c.ee44.4b43.9ece.4eeb0e0352b8	CCTGCGAAGTAT	2		77.SW003	neurotypical				3	4	
10532.a65b37e7.3012.4d06.8fe6.5e8ce086addf	TGCCGTATGCCA	2		57.SW007	neurotypical				7	12	
10532.a65d1477.120e.4f3c.a816.f82f6582bc50	AATTGTGTCGGA	2		55.SW001	neurotypical				1	0	
10532.a79fb6f2.c8ca.4ebb.a0da.79f1ffbdce03	GCACACCTGATA	2		77.SW001	neurotypical				1	0	
10532.a9924294.9d6f.44ae.8047.f61ca854931a	CGCTTGTGTAGC	2		positive_control	control				positive_control		
10532.aa5d5079.35bb.4c38.95e4.be3d2ae2f1d4	TACGAGCCCTAA	2		57.SW001	neurotypical				1	0	
10532.aae3af7b.134e.4b0f.b833.5fc674f072e7	TCTTGGAGGTCA	2		67.SW007	neurotypical				7	12	
10532.ac4982b0.512b.4c95.b113.c4eef4ff9ccb	ATGGCTGTCAGT	2		51.SW001	neurotypical				1	0	
10532.ad0865f4.0719.4c22.9a3e.1d5ec2f9ad4c	GCGAGCGAAGTA	2		59.SW005	neurotypical				5	8	
10532.aef9e193.1f8c.429e.bfdf.38bb59235e7d	CGTGACAATAGT	2	14.8	repetition	control	55	Responder	male	repeat		63
10532.b2b082dc.0d6f.4f1d.bb98.2887c0349fd3	TTGACCGCGGTT	2		repetition	control				repeat		
10532.b2bca08c.48c6.43b0.824a.003ca3a07119	CACCTTACCTTA	2		79.SW005	neurotypical				5	8	
10532.b35cd9d4.2301.4c7e.bfb9.f4c329d492e0	AGTTACGAGCTA	2		45.SW003	neurotypical				3	4	
10532.b4a127dc.cbb4.4f2a.972b.bcb6d53777a8	TACCGAAGGTAT	2		71.SW005	neurotypical				5	8	
10532.b4d2214f.e203.42be.accd.0c0793aa95f2	TTGCGTTAGCAG	2	26.5	35.SW010	autism	70	Responder	male	10	16	185
10532.b50cbaeb.8cbe.410d.b7fa.9fca6702c533	GCTCTCCGTAGA	2		81.SW004	neurotypical				4	6	
10532.bf33f337.90ba.4242.b35f.b1cc0b9a1ead	GCGTTCTAGCTG	2	17.9	23.ST003	autism	53	Responder	male	3	10	70
10532.bfd4d640.7817.49c8.ac35.a7a91b49e21b	TGGGTCCCACAT	2		73.SW003	neurotypical				3	4	
10532.c2072c98.e9a0.4af2.8cc1.c03be62710d8	GTACGATATGAC	2		43.SW002	neurotypical				2	2	
10532.c287751e.0263.4fda.8aa2.3b717855e2ee	CTCACAACCGTG	2		59.ST002	neurotypical				2	18	
10532.c2e216e3.51c4.4894.8352.48d0fef7efc7	TATACCGCTGCG	2		43.SW009	neurotypical				9	16	
10532.c34ddc28.a67b.4478.b42d.7be7542bb228	CAACTCCCGTGA	2		43.SW008	neurotypical				8	14	
10532.c3ac12ed.e37d.4759.9a2c.9b71d45d9ea6	TGGTCGCATCGT	2		75.SW006	neurotypical				6	10	
10532.cdf7a3e6.75b1.4370.8d53.d8ac4596a0ca	TACTCGGGAACT	2		57.SW004	neurotypical				4	6	
10532.ce5c847c.452d.46fc.96d9.ba2ff164a5ab	CACTCATCATTC	2		47.SW006	neurotypical				6	10	
10532.cf793ef1.e300.4ea8.9039.60e647436b4d	ACAATAGACACC	2		63.SW001	neurotypical				1	0	
10532.cfc37a70.9ba6.4d25.b541.4c0ff9d1bfeb	GTGTTAGATGTG	2	24.3	repetition	control	57	Responder	male	repeat		113
10532.cfe0d2d7.c78b.4092.b923.3322b4312c6d	ATCAGTACTAGG	2	35.2	repetition	control	70	Responder	male	repeat		242
10532.d056b75a.5ff8.4db3.9991.4cc8566d7528	TGCATACACTGG	2	15.8	13.ST003	autism	49	Responder	male	3	10	54
10532.d08dfd2b.1f98.47da.b9ee.fc7c8125b3a3	AGTCGAACGAGG	2	17	19.ST003	autism	49	Responder	male	3	10	58
10532.d43b37cd.6e23.4ccb.8d1a.a05be77c1288	AGCATGTCCCGT	2	16.8	33.ST002	autism	53	Responder	male	2	3	67
10532.d592b0a9.ad8d.42fe.a641.b72316502f12	ATGATGAGCCTC	2		77.ST002	neurotypical				2	18	
10532.d5d52d16.58aa.4619.97ea.a6ac89e12ec3	GATTATCGACGA	2		77.SW002	neurotypical				2	2	
10532.d8f4038a.7576.4fd3.89c3.60a3f6bc06c0	TGGAGTAGGTGG	2		45.SW010	neurotypical				10	18	
10532.da66fe06.1e1c.4acf.97a1.3c71dbfae960	TCACCTCCTTGT	2	27.4	repetition	control	61	Responder	female	repeat		145
10532.dc609d92.2073.4db2.aea8.670c816c2fd8	CTGCTATTCCTC	2	21.5	39.ST002	autism	58	Responder	male	2	3	103
10532.debb2485.5abd.467b.9f85.acba57398d89	TAGGCATGCTTG	2	16.6	31.ST004	autism	54	Responder	male	4	18	70
10532.df184576.d144.44c7.b620.ab1332e33b80	GAGAGCAACAGA	2		75.SW003	neurotypical				3	4	
10532.e423f626.6364.438b.ab33.a76afca3c521	TCGGAATTAGAC	2		45.SW008	neurotypical				8	14	
10532.e48e002a.f4fd.46d4.982e.6fe0854cd48a	ATGGGTTCCGTC	2	17.9	23.ST002	autism	53	Responder	male	2	3	70
10532.e5cdbed1.703a.4cf4.b54a.90fd47411654	GCGACAATTACA	2		51.SW002	neurotypical				2	2	
10532.e8c5ac44.36bc.41cc.8096.d3090e9b156c	AGTTGAGGCATT	2		47.SW001	neurotypical				1	0	
10532.e9494e22.99d6.4e10.868f.208832eb3104	ATCCTTTGGTTC	2		41.SW005	neurotypical				5	8	
10532.ea68ac1a.53e3.4523.924f.32ca1d2ac988	AGCAGAACATCT	2		43.SW007	neurotypical				7	12	
10532.eb4ece61.6afe.4c88.8a06.d616dab1dd34	GAACACTTTGGA	2		43.ST002	neurotypical				2	18	
10532.ebe9e631.4fc4.4ab0.97d0.1514a2d3e721	TGTAAGACTTGG	2		65.SW007	neurotypical				7	12	
10532.ed4ed071.074d.425f.a876.86a05ab2ee88	GATGTGGTGTTA	2		79.SW003	neurotypical				3	4	
10532.ef09f7db.a7fc.4a83.86b2.ec525f831954	TACCGCTTCTTC	2		75.SW001	neurotypical				1	0	
10532.f0b9f32d.6815.4098.8c8e.509afcde0b32	ATGCCATGCCGT	2		57.SW006	neurotypical				6	10	
10532.f7244ef5.ef81.44f1.9512.91272b5ccea5	ACCAGTGACTCA	2	19.3	27.ST002	control	65	Responder	male	repeat		116
10532.fa4e5dcc.7b0a.4fb1.989d.b19aec98e047	ATGTCACCGCTG	2		45.SW002	neurotypical				2	2	
10532.fa6fda2b.4a99.4231.9325.0d74d8ae451c	ATGTGTGTAGAC	2		59.SW003	neurotypical				3	4	
10532.fadb8582.a342.46ba.8926.98ff97240824	GAAACATCCCAC	2		47.SW007	neurotypical				7	12	
10532.fcbc952d.9cf3.4190.9085.3286d5b236ba	GTATTTCGGACG	2		77.SW006	neurotypical				6	10	
10532.00cdbb86.acbd.429c.abe3.12f19990314a	GCGATATATCGC	3	17.4	21.SW001	autism	55	Responder	male	1	0	75
10532.00e6b118.fb6e.4022.96d1.62e553d9b40c	AGCATGTCCCGT	3	26.5	35.SW003	autism	70	Responder	male	3	3	185
10532.0129210b.a355.4608.8aac.7e6d637c0b5c	CGCAGATTAGTA	3		77.SW010	neurotypical				10	18	
10532.03a27c57.cf57.417a.90fe.5b9d5ffb32c0	GATCAACCCACA	3		POSCONTROL6	control				positive_control		
10532.04fd9a21.4876.4619.b4e7.6f6a2473bb98	TACTCGGGAACT	3		75.SW009	neurotypical				9	16	
10532.05ddd9c2.3f7f.4b2a.8432.06f416424741	TACAGCGCATAC	3	18.8	37.SW009	autism	56	Responder	male	9	14	84
10532.0717cd28.3894.450b.a177.8e41899fa790	GTAAATTCAGGC	3	26.5	35.SW009	autism	70	Responder	male	9	14	185
10532.07b37371.e1be.4806.ba9e.105e8b6eb137	CACCTTACCTTA	3		67.SW010	neurotypical				10	18	
10532.09aae222.0d4d.449f.b284.e4aa4151bd18	GATTCCGGCTCA	3		65.SW008	neurotypical				8	14	
10532.0d0b86b0.b46c.47d2.a0e8.c862dba23fa3	GCGACAATTACA	3		81.SW008	neurotypical				8	14	
10532.0d8cd22b.1b5e.4fe1.abe4.a53346e6f530	GGTGACTAGTTC	3	17.4	21.SW003	autism	55	Responder	male	3	3	75
10532.0e5f0298.f09a.406d.a54f.4683590a58ef	TGTGCGATAACA	3		79.SW008	neurotypical				8	14	
10532.0ec75303.6a6a.4ad9.aa50.f98525d9e3f0	GACATTGTCACG	3	15.8	repetition	control	49	Responder	male	repeat		54
10532.112c4226.3f1f.4a90.bd62.bd09a8a0b791	TTGGCTCTATTC	3		71.SW008	neurotypical				8	14	
10532.1193c5d0.fb53.406a.9626.bcdd00a82103	GGCCAGTTCCTA	3	17.4	21.SW005	autism	55	Responder	male	5	6	75
10532.12e944d7.69e9.44f6.8c3d.a9e40d1a21a4	TATCGACACAAG	3	16.6	31.SW011	autism	54	Responder	male	11	18	70
10532.1a8d256c.9a6f.4c7d.8abd.c351d01866c5	TCGTCAAACCCG	3		67.SW009	neurotypical				9	16	
10532.1bf8a3f7.4718.473a.a4bf.3b0e18e64bd4	TCCCTTGTCTCC	3	17	19.SW011	autism	49	Responder	male	11	18	58
10532.1c63c66a.65e6.4d7e.a9af.34ae133db4ed	CGTAAGATGCCT	3	17.9	23.SW003	autism	53	Responder	male	3	3	70
10532.1e8adbe1.044e.4b21.af0e.a335e0bc4887	TCATGCTCCATT	3		47.SW010	neurotypical				10	18	
10532.22cd99a9.2745.44ba.823e.6cdf1048d579	AGCAGAACATCT	3	16.6	31.SW009	autism	54	Responder	male	9	14	70
10532.233fcfbc.5afa.47ac.a735.968ca156ce3f	GTGGTGGTTTCC	3	16.6	31.SW007	autism	54	Responder	male	7	10	70
10532.249f97fa.3992.4b77.b0c9.c27e4ecbe59f	CGATGCTGTTGA	3		BBT2014_38.SW	donor-initial				donor		
10532.2607b960.7718.461c.bc21.4f612d26a218	GATTATCGACGA	3		81.SW009	neurotypical				9	16	
10532.273e797e.41f1.41a2.be36.43e50efe335e	TTGGGTACACGT	3	18.8	37.SW004	autism	56	Responder	male	4	4	84
10532.2815b5d2.60b8.4244.9502.17f693e4d39b	ACCAGTGACTCA	3	19.3	27.SW006	autism	65	Responder	male	6	8	116
10532.2ada20cb.636b.4f43.9218.e821faee673e	GAAACATCCCAC	3	27.4	repetition	control	61	Responder	female	repeat		145
10532.2fc381cd.1f0f.484f.bc0c.0c45f7b291a1	AGTAGACTTACG	3		67.SW001	neurotypical				1	0	
10532.3263647b.bc7d.4256.940c.fcea00129687	TCAGTTCTCGTT	3	20.2	15.ST002	autism	50	Responder	male	2	3	72
10532.336fae55.6ef3.49af.8688.e709584a1bd9	GTATCTGCGCGT	3	19.3	27.SW009	autism	65	Responder	male	9	14	116
10532.366e22db.3165.4d5d.accb.a685fa1c7472	GAGCCATCTGTA	3	21.5	39.SW002	autism	58	Responder	male	2	2	103
10532.3857f412.791b.4565.b56b.77ba1eb058da	TAATACGGATCG	3	16.8	33.SW008	autism	53	Responder	male	8	12	67
10532.399ee668.fc0f.4632.a48c.9d9025b608aa	GTATTTCGGACG	3	14.8	repetition	control	55	Responder	male	repeat		63
10532.3a2907ca.4345.45f6.b81d.a99fd8361bbb	AGTTACGAGCTA	3	16.8	33.SW006	autism	53	Responder	male	6	8	67
10532.3bb587a6.3e5f.4f98.aa3d.7808edeaa041	ACGATTCGAGTC	3	16.8	33.SW011	autism	53	Responder	male	11	18	67
10532.3bcd3e9f.940c.497c.9507.cd6d1af7e5e9	ATTCTGCCGAAG	3	21.5	39.SW001	autism	58	Responder	male	1	0	103
10532.3d8ecbcf.31de.4f58.952a.2c7fc438d2a9	TAGTATGCGCAA	3	21.5	39.SW008	control	58	Responder	male	8	12	103
10532.3f8e3f61.513a.4f35.8ebf.0586db2cf820	CTGCTATTCCTC	3	18.8	37.SW003	autism	56	Responder	male	3	3	84
10532.40ded5d4.2577.43f1.9155.298cdafca4d4	TATACCGCTGCG	3	18.8	37.SW010	autism	56	Responder	male	10	16	84
10532.4163ae3d.2479.44b1.9d80.95d691e7da48	CTCACCTAGGAA	3	16.6	31.SW005	autism	54	Responder	male	5	6	70
10532.43083975.cd2d.42da.9635.0634b5aadd6a	TGCAGTCCTCGA	3	19.3	27.SW004	autism	65	Responder	male	4	4	116
10532.43da1a2f.cd3b.4ba7.bc1c.f52d9944d458	GCTGTACGGATT	3	17.9	23.SW006	autism	53	Responder	male	6	8	70
10532.447cc359.470e.4d74.ba9c.318b733e8d1f	GGTATGGCTACT	3		POSCONTROL4	control				positive_control		
10532.4699dde6.97b1.4f66.ab36.a6f92bd5945b	ATGGCTGTCAGT	3		67.SW008	neurotypical				8	14	
10532.4960a10c.b6cc.42a8.8fe6.6d7bcb6bbd69	TGGTCAACGATA	3	17.9	23.SW011	autism	53	Responder	male	11	18	70
10532.4a31859a.fef7.48e8.b8f5.0100f180cd42	TGGGACATATCC	3		POSCONTROL5	control				positive_control		
10532.4e06f8e7.ca04.4084.8ed6.9799d589df32	TGGAGTAGGTGG	3		79.SW011	neurotypical				11	18	
10532.4e92e999.4cb7.4bd8.9a13.459d58232fe2	GATCTGCGATCC	3	21.5	39.SW007	autism	58	Responder	male	7	10	103
10532.4f5d4951.41da.4207.ad9f.fce2da3ffa1d	AGTTGAGGCATT	3		59.SW008	neurotypical				8	14	
10532.521f43b2.6a67.4c73.a80f.24bc87ae8cf0	ACCCAAGCGTTA	3		41.SW009	neurotypical				9	16	
10532.591ee23e.56bf.4275.8630.9015f9f330a5	CCACAGATCGAT	3	18.8	37.SW008	autism	56	Responder	male	8	12	84
10532.5b24f7ea.9e02.4d89.bc02.03388ed68273	CGAGCAATCCTA	3	17.9	23.SW004	autism	53	Responder	male	4	4	70
10532.5c70a21a.1611.47be.93bd.1bf502987de1	TAATCGGTGCCA	3	16.8	33.ST003	autism	53	Responder	male	3	10	67
10532.5f2a8e9c.2b06.4f55.b367.1ac06421735a	GATGTGGTGTTA	3		BBT2014_37.SW	donor-initial				donor		
10532.6026474e.6bee.4712.b2d8.4a22451cf9e8	GAATACCAAGTC	3	17.9	23.SW009	autism	53	Responder	male	9	14	70
10532.6045e855.8ac7.48ed.aecc.c8eab29ec9db	ACTTCCAACTTC	3	16.8	33.SW003	autism	53	Responder	male	3	3	67
10532.67600aee.3bd9.443f.9456.fe673ba24844	TCGGAATTAGAC	3	16.8	33.SW010	autism	53	Responder	male	10	16	67
10532.67b4e332.53fc.42c9.bc70.ef7cfbed28f1	GTCAGCCGTTAA	3		67.SW003	neurotypical				3	4	
10532.67e18471.f314.4a13.a71f.65010aed2058	CTCACAACCGTG	3	16.6	31.SW002	autism	54	Responder	male	2	2	70
10532.67f932e7.6a3e.4ab2.9627.0fb5430bac23	GTCGACAGAGGA	3	21.5	39.SW004	autism	58	Responder	male	4	4	103
10532.68fc23c8.68cc.4b31.a3f4.0411079d673a	GAATGACGTTTG	3		57.SW002	neurotypical				2	2	
10532.69c1e627.b5c7.4003.88b7.934c5f77f079	GTTATCGCATGG	3		57.SW009	neurotypical				9	16	
10532.6a552f98.0cab.4605.aa1c.401c6fab4a54	AGATTGACCAAC	3	26.5	35.SW004	autism	70	Responder	male	4	4	185
10532.6c3ce76b.620e.42b7.a24a.0ff2b3c37195	CGCTGTGGATTA	3		79.SW010	neurotypical				10	18	
10532.6c9744b7.c409.40ba.8f3a.278213a8ccf6	CCAATACGCCTG	3	16.6	31.SW006	autism	54	Responder	male	6	8	70
10532.6e887652.7990.409b.bd72.01a4bf5a7a2c	TTGCCAAGAGTC	3		65.ST001	neurotypical				1	0	
10532.6ff86078.b0f6.40f1.9928.333f0954555d	TATCTATCCTGC	3		repetition	control				repeat		
10532.72dd84a6.192a.4879.9fc1.8260e7b92457	CGGGTGTTTGCT	3		61.ST001	neurotypical				1	0	
10532.76a5ac2d.49be.491e.a5c2.adcb61e07894	CATACCGTGAGT	3		57.SW010	neurotypical				10	18	
10532.7784d541.bb0c.4a5d.a894.2efca9dae3b1	GCAACACCATCC	3		77.SW008	neurotypical				8	14	
10532.7a88ccf2.1f0f.43e8.ae0e.d3de08c1f045	TGGGTCCCACAT	3		49.SW009	neurotypical				9	16	
10532.7cd751c9.7106.4e4f.8588.b9e9035ba333	TGCAGCAAGATT	3		59.SW010	neurotypical				10	18	
10532.7ee156e0.2353.47bd.b4d0.e6cb56bcd611	CGCTACAACTCG	3	17.4	21.ST004	autism	55	Responder	male	4	18	75
10532.82c1f0a9.ecfe.45df.9aa5.c39385ca1c32	AGCTATGTATGG	3		51.SW009	neurotypical				9	16	
10532.8349ca0d.fceb.4200.bc96.3f39f2e37e48	TGCCGTATGCCA	3	17.4	repetition	control	55	Responder	male	repeat		75
10532.85211605.2ea8.4e08.8b40.c23cdc2b0ef4	ATGCCATGCCGT	3	18.5	11.SW007	control	68	Non-responder	male	7	10	120
10532.853d0766.feac.4df4.ae31.440cc55d23f3	GTACGATATGAC	3	16.8	33.SW005	autism	53	Responder	male	5	6	67
10532.898a69ad.8762.48d3.b286.356551d1bd83	ATGTCACCGCTG	3	18.8	37.SW005	autism	56	Responder	male	5	6	84
10532.8bc148ce.c18e.4e78.b321.1bc49b69f33c	GTAGATCGTGTA	3	19.3	27.SW011	autism	65	Responder	male	11	18	116
10532.8c53081c.7a13.4c8f.bbbf.b332785b3e21	AGGCTTACGTGT	3	19.3	27.SW010	autism	65	Responder	male	10	16	116
10532.90b5a4f1.85bf.43ba.b100.08c077f4b0cd	TTAACCTTCCTG	3	19.3	27.ST002	autism	65	Responder	male	2	3	116
10532.90e7d744.0e3b.4081.a2b5.3b82e5323b25	AGGGAAAGGATC	3		81.SW003	neurotypical				3	4	
10532.9362298f.4177.4fb2.8a1e.9c4e4d5eb058	TTGACCGCGGTT	3	16.6	31.ST003	autism	54	Responder	male	3	10	70
10532.96e90c95.020c.41ef.9828.85cd563eb8bb	TAACGTGTGTGC	3	26.5	35.SW002	autism	70	Responder	male	2	2	185
10532.990b9c49.0a02.41d5.936d.9ee172c33b2f	GTTGTTCTGGGA	3	19.3	27.SW008	autism	65	Responder	male	8	12	116
10532.9ae6a37c.be4b.4ce6.afce.7bb6ab13e531	TTGATCCGGTAG	3	35.2	repetition	control	70	Responder	male	repeat		242
10532.9b692a58.33a3.4645.86a3.3cd91d3a1b4b	ATCCTTTGGTTC	3	18.8	37.SW007	autism	56	Responder	male	7	10	84
10532.9be04e3a.a432.42ef.892d.ee025e4171ee	TGCATACACTGG	3	27.4	17.SW010	autism	61	Responder	female	10	16	145
10532.9c01ae7a.4e91.40b3.9b10.b8d859f7709a	TAGGCATGCTTG	3	17.9	23.SW008	autism	53	Responder	male	8	12	70
10532.9c0fc647.8ae0.4c53.95ab.c0c9b5995ce6	GTCGTGTAGCCT	3	21.5	39.SW003	autism	58	Responder	male	3	3	103
10532.9e09667c.116e.493a.9871.eb20ffaa78c3	CATCCCTCTACT	3	26.5	35.SW008	autism	70	Responder	male	8	12	185
10532.9ed6ca18.aff3.4795.ab4a.1b7af3b839a9	CACTACGCTAGA	3	17.4	21.SW002	autism	55	Responder	male	2	2	75
10532.9f8969fc.b303.470c.826d.6c3bab546727	CAACTCCCGTGA	3	16.6	31.SW010	autism	54	Responder	male	10	16	70
10532.a15775e3.7351.4cb6.a3c9.113f18271447	ACGAGACTGATT	3	19.3	27.SW003	autism	65	Responder	male	3	3	116
10532.a221b74c.6515.4506.b941.abd8da16efe4	GTGCTGCGCTTA	3		71.ST002	neurotypical				2	18	
10532.a2233d99.3e53.4996.84a6.56da14785ffa	ATGGGTTCCGTC	3	19.3	27.SW005	autism	65	Responder	male	5	6	116
10532.a3adc0e6.915f.4d4a.abc6.b8a32c30e0ba	CACTGGTGCATA	3		MD2014_03.SW	donor-maintenance				maintenance_donor		
10532.a3d004ed.f43a.4320.83e9.b5cb8dc20328	ATCGCACAGTAA	3	16.8	33.SW002	autism	53	Responder	male	2	2	67
10532.a4aa5c1f.05ae.4f0e.a0b8.441e2307642b	TGTAAGACTTGG	3	24.3	repetition	control	57	Responder	male	repeat		113
10532.a55678f2.b1d1.4678.a840.2cec63428885	ACCATAGCTCCG	3	17.4	21.SW007	autism	55	Responder	male	7	10	75
10532.a6635d85.9454.4cc3.9ef4.fa1c21acde4d	TCACCTCCTTGT	3		63.ST001	neurotypical				1	0	
10532.b0d2cdfb.2bbb.4fc2.8b26.9163ae7a6bf1	AGCGGAGGTTAG	3	21.5	39.SW005	autism	58	Responder	male	5	6	103
10532.b1603450.fce3.449f.88a5.38041fecbc22	CAGCTCATCAGC	3	21.5	39.SW009	autism	58	Responder	male	9	14	103
10532.b5a7bdac.77d4.4360.a903.5f4f3034d85c	TCGACATCTCTT	3	17.4	21.SW010	autism	55	Responder	male	10	16	75
10532.b63e4b2e.ab70.4a37.9c9e.0f7e82d2e96e	GATGTATGTGGT	3	16.6	31.SW004	autism	54	Responder	male	4	4	70
10532.b6deebb1.472e.46b7.82ea.2fe2d25da9f6	GCATATGCACTG	3	16.6	31.SW008	autism	54	Responder	male	8	12	70
10532.ba4e041a.56fc.4889.a4dc.83a66f2f3b60	AGTGTTTCGGAC	3		MD2014_02.SW	donor-maintenance				maintenance_donor		
10532.bb62f37b.e2d2.4ac6.aad1.5e299d85d153	TTGCGTTAGCAG	3		47.SW008	neurotypical				8	14	
10532.bc440644.d581.479b.b1f7.c26cada13dbf	CTATCTCCTGTC	3	17.9	23.SW010	autism	53	Responder	male	10	16	70
10532.bf016276.b4db.458b.ae2a.baa94e9693a7	CAAATTCGGGAT	3	18.8	37.SW002	autism	56	Responder	male	2	2	84
10532.c01d6020.e9e7.4c68.96db.e8d91c7540e2	TGTCGCAAATAG	3	18.8	37.SW006	autism	56	Responder	male	6	8	84
10532.c200e55d.869e.4e3c.8c18.4e9700df4f53	TCTCTACCACTC	3	18.8	37.SW001	autism	56	Responder	male	1	0	84
10532.c27fbf59.c359.4773.9236.d23daff0faef	ACGGGTCATCAT	3	15.8	13.ST002	autism	49	Responder	male	2	3	54
10532.c432ffae.1407.4d05.a1da.33259e237d14	TGTGAATTCGGA	3		57.SW008	neurotypical				8	14	
10532.c87aa886.d2cf.432a.b38b.f40c01cb1965	CGGTCAATTGAC	3	19.3	27.SW002	autism	65	Responder	male	2	2	116
10532.ca812b48.e567.4bd5.b834.28a634b4e61c	AATTGTGTCGGA	3		73.SW008	neurotypical				8	14	
10532.cb49481b.aea0.4f5c.ac10.fb6ce4693b40	AGTCGAACGAGG	3	17.4	21.SW004	autism	55	Responder	male	4	4	75
10532.cb7c9f30.3ea4.464b.ac67.0ba656e7e817	TACGAGCCCTAA	3		81.SW010	neurotypical				10	18	
10532.cbab4e97.4fde.4ee3.8a5a.10c1b3dda26c	AGAGTCTTGCCA	3		71.SW010	neurotypical				10	18	
10532.cc52726a.bed3.4840.a146.2a4c58978b89	GCATAGCATCAA	3	14.8	1.SW004	autism	55	Responder	male	4	4	63
10532.d84dbc6b.0986.466a.abd3.3a5ac4fb4d52	GGATCGTAATAC	3	14.1	repetition	control	50	Non-responder	female	repeat		50
10532.d9e63d01.9bb8.4104.8114.c568d0a78db3	GCCAACAACCAT	3		repetition	control				repeat		
10532.dcc90ae0.8d7a.4d56.a1e2.0d0ca606ac0e	ACTTGGTGTAAG	3		65.SW009	neurotypical				9	16	
10532.dddae1ad.5118.45e8.9052.0c8b4ace3f48	TCTGCACTGAGC	3		59.SW009	neurotypical				9	16	
10532.de8f20d5.328f.47e5.89d6.e9b498d61dec	CATTATGGCGTG	3	16.8	33.SW004	autism	53	Responder	male	4	4	67
10532.def521fc.b6f6.4a93.a517.784f29bb05d9	GAACACTTTGGA	3	16.8	33.SW001	autism	53	Responder	male	1	0	67
10532.dfe6e9d8.2aed.4f4c.922d.0889eaf8b718	CCTGCGAAGTAT	3		BBT2014_36.SW	donor-initial				donor		
10532.e47666f2.3381.46b4.bba1.4245cc970387	ACTAGTTGGACC	3	26.5	35.ST004	autism	70	Responder	male	4	18	185
10532.e5d3523e.90c0.4f31.9a49.07a700f1881e	AACTAGTTCAGG	3	17.4	21.SW011	autism	55	Responder	male	11	18	75
10532.e70a5de6.3f61.48b5.9623.985b13d10e78	TACTACGTGGCC	3	17.9	23.SW002	autism	53	Responder	male	2	2	70
10532.e9184d96.8688.4f36.bbae.cfa1272f763c	GATGTTCGCTAG	3	19.3	27.SW007	autism	65	Responder	male	7	10	116
10532.e943d78d.6dc1.43d9.97d0.4b2c1c1fef4d	ATCACCAGGTGT	3	19.3	21.SW009	autism	65	Responder	male	9	14	116
10532.ea1a31ac.1bf3.492e.bd32.ae81194ecf08	ATGATGAGCCTC	3	16.6	31.SW003	autism	54	Responder	male	3	3	70
10532.ea3a8068.4beb.486e.8679.19c1580e43ab	ACTCCTTGTGTT	3		75.SW010	neurotypical				10	18	
10532.eaadb7ee.cb68.47ff.ba50.a0e3d8fa988a	TGGTCGCATCGT	3		65.SW010	neurotypical				10	18	
10532.ecee2194.7ea4.4b60.b500.5d1937515c14	GCTCGAAGATTC	3	17.4	21.SW008	autism	55	Responder	male	8	12	75
10532.eda34f8e.ddec.427c.86f1.2a458ef4f7a5	CGTGACAATAGT	3	14.1	13.ST001	autism	50	Responder	female	1	0	50
10532.ee5dae47.dbf6.4a49.ad52.47a805338b4e	ATCTACCGAAGC	3	18.5	11.SW006	control	68	Non-responder	male	6	8	120
10532.f221c01d.1580.46b7.bdde.45844fd986ac	ACTCACAGGAAT	3	26.5	35.SW001	autism	70	Responder	male	1	0	185
10532.f2f9add5.96c8.4a08.a163.6f01088c9970	TGAACCCTATGG	3		47.SW009	neurotypical				9	16	
10532.f3b0fccb.3517.4953.b339.96fd2205a6ac	GTGTTGTCGTGC	3	21.5	39.SW006	autism	58	Responder	male	6	8	103
10532.f3ea62bc.f50d.4ac7.a815.36074436c859	GCGTTCTAGCTG	3	17.4	21.SW006	autism	55	Responder	male	6	8	75
10532.f57975a7.5e66.4e36.96a4.1ee83ac87998	ACCGGTATGTAC	3		81.SW007	neurotypical				7	12	
10532.fa92a806.0cea.4efa.b287.378d5537cd24	GTGGAGTCTCAT	3	17.9	23.SW005	autism	53	Responder	male	5	6	70
10532.fcdf2f34.5f5d.4e45.94be.b3eca14c7709	GAGAGCAACAGA	3		BBT2014_29.SW	donor-initial				donor		
10532.fd7dc1d0.8bec.4872.b36c.a039b1d73918	GATCACGAGAGG	3		73.SW010	neurotypical				10	18	
10532.fdd84d79.3f8b.48c0.a751.41498828f25d	AAGGCGCTCCTT	3	26.5	35.SW006	autism	70	Responder	male	6	8	185
10532.fdefd7b2.abfd.4eb8.9e8d.c847d67ee8c4	CGAGGGAAAGTC	3	16.6	31.SW001	autism	54	Responder	male	1	0	70
10532.fed3d194.3d3a.4e75.b2f2.dc4403b67b60	AGTCGTGCACAT	3	17.9	23.SW007	autism	53	Responder	male	7	10	70
10532.ff46d383.f769.46b3.b856.edd55b12886e	TGCGCTGAATGT	3	21.5	39.SW011	autism	58	Responder	male	11	18	103
10532.1302d53f.3364.4f3d.bbc4.50e9f9065ae7	AGCGTAATTAGC	4	21.5	39.SW008	control	58	Responder	male	diluted		103
10532.35ace8e4.0b62.44c7.a9a3.1e16d45ed772	TGCACGTGATAA	4	15.4	7.SW001	autism	51	Responder	male	1	0	56
10532.3da00df1.0c79.4428.af4e.b70c506e5613	TACACAAGTCGC	4	18.5	11.ST001	autism	68	Non-responder	male	2	3	120
10532.425ccffa.2f7d.4daf.908d.1a7af532ec09	GCGTCCATGAAT	4	21.5	39.SW008	control	58	Responder	male	diluted		103
10532.4545f13f.f648.4efe.99af.4492baa200fe	CAACACATGCTG	4	18.5	11.SW007	autism	68	Non-responder	male	7	10	120
10532.4b7fc783.1008.43aa.9325.896e2e370dee	CGAGCTGTTACC	4	18.5	11.ST001	autism	68	Non-responder	male	4	18	120
10532.7a9cef0c.0180.49a3.808f.ce7130ad744b	AGGTGAGTTCTA	4	21.5	39.SW008	autism	58	Responder	male	8	12	103
10532.80cd536f.16ba.4c7d.9ebd.023dcff85a44	GATCTCTGGGTA	4	missing	missing	neurotypical	missing	missing	missing	3	4	missing
10532.813e04bb.5ec0.48e2.948f.d7a41341772d	CCGAGGTATAAT	4	18.5	11.ST001	control	68	Non-responder	male	repeat		120
10532.9b00e3b8.869c.4664.ad85.4428c7adf122	CAACGTGCTCCA	4	15.4	7.SW001	control	51	Responder	male	repeat		56
10532.9ce7575e.ced6.4a0d.b97e.c66616c88598	GTCGTCCAAATG	4	18.5	11.ST001	control	68	Non-responder	male	repeat		120
10532.a46964d4.025a.4058.9026.881a954f689e	TATCACCGGCAC	4	21.5	39.SW008	control	58	Responder	male	repeat		103
10532.add815f6.3d1f.4d75.bc58.21f39d2f403a	TGTGGCTCGTGT	4	18.5	11.SW007	control	68	Non-responder	male	repeat		120
10532.b459a90c.b409.433b.974b.0d8b235238ef	ATTCGGTAGTGC	4	18.5	11.SW006	control	68	Non-responder	male	repeat		120
10532.d256d51b.02ce.450b.8447.f9dc7e949072	AACTTTCAGGAG	4	18.5	11.ST001	autism	68	Non-responder	male	3	10	120
10532.f85b77cf.7fb3.4f19.a223.8da7aa6e03d0	TTCGATGCCGCA	4	18.5	11.ST001	control	68	Non-responder	male	repeat		120
10532.f96e60e7.00cd.437f.a8b7.2a57a381c89d	GTAGGTGCTTAC	4	18.5	11.SW006	autism	68	Non-responder	male	6	8	120
10532.ff37fca2.eda7.41c2.8084.75874cfa9ef7	AACCGCATAAGT	4	missing	missing	control	missing	missing	missing	repeat		missing
